children_in_household,n,pct_total
,161064,0.442136123815
2.0,59497,0.163324969941
0.0,59116,0.162279088409
1.0,42985,0.117997946668
3.0,25904,0.0711089638361
4.0,15720,0.0431529073311
