gender,n,pct_total
F,316739,0.869478925899
M,37075,0.101774429981
,10472,0.0287466441203
